<?xml version="1.0" encoding="UTF-8" ?>
<!DOCTYPE mapper
        PUBLIC "-//mybatis.org//DTD Mapper 3.0//EN"
        "http://mybatis.org/dtd/mybatis-3-mapper.dtd">

<mapper namespace="com.jw.sc.dao.StorageDao"><!--绑定mapper接口的全限定类名-->

    <resultMap id="StorageMap" type="com.jw.sc.domain.Storage"><!--使用类别名，在主配置文件中设置-->
        <id property="id" column="id" jdbcType="BIGINT"/>
        <result property="productId" column="product_id" jdbcType="BIGINT"/>
        <result property="used" column="used" jdbcType="INTEGER"/>
        <result property="total" column="total" jdbcType="INTEGER"/>
        <result property="residue" column="residue" jdbcType="INTEGER"/>
    </resultMap>

    <update id="decrease">
        update t_storage
        set used = used  + #{count}, residue = residue - #{count}
        where product_id = #{productId};
    </update>
</mapper>