<?xml version="1.0" encoding="UTF-8" ?>
<!DOCTYPE mapper
        PUBLIC "-//mybatis.org//DTD Mapper 3.0//EN"
        "http://mybatis.org/dtd/mybatis-3-mapper.dtd">

<mapper namespace="com.jw.sc.dao.AccountDao"><!--绑定mapper接口的全限定类名-->

    <resultMap id="StorageMap" type="com.jw.sc.domain.Account"><!--使用类别名，在主配置文件中设置-->
        <id property="id" column="id" jdbcType="BIGINT"/>
        <result property="userId" column="user_id" jdbcType="BIGINT"/>
        <result property="used" column="used" jdbcType="DECIMAL"/>
        <result property="total" column="total" jdbcType="DECIMAL"/>
        <result property="residue" column="residue" jdbcType="DECIMAL"/>
    </resultMap>

    <update id="decrease">
        update t_account
        set used = used  + #{money}, residue = residue - #{money}
        where user_id = #{userId};
    </update>
</mapper>